min_tf,max_tf,min_df,max_df,multi_category_words,adjusted Rand Index
0,1,100,1,0.5,False,0.06476572440324424
1,5,100,1,0.5,False,0.08549113322000973
2,10,100,1,0.5,False,0.1576574416281623
3,15,100,1,0.5,False,0.15969320481816096
4,20,100,1,0.5,False,0.1310850106213446
5,30,100,1,0.5,False,0.1383077180460419
6,40,100,1,0.5,False,0.09452529402774898
7,50,100,1,0.5,False,0.1300590362578286
8,1,100,2,0.5,False,0.07956821733040166
9,5,100,2,0.5,False,0.10699048388308316
10,10,100,2,0.5,False,0.12710221824824466
11,15,100,2,0.5,False,0.09268014954948692
12,20,100,2,0.5,False,0.15237619305108127
13,30,100,2,0.5,False,0.1385934417993022
14,40,100,2,0.5,False,0.1345903690713207
15,50,100,2,0.5,False,0.07442741029967037
16,1,100,5,0.5,False,0.1305430208807573
17,5,100,5,0.5,False,0.11671070065927071
18,10,100,5,0.5,False,0.11053717767348964
19,15,100,5,0.5,False,0.09402487167747321
20,20,100,5,0.5,False,0.16027259332132118
21,30,100,5,0.5,False,0.09077974749787401
22,40,100,5,0.5,False,0.14353068059842228
23,50,100,5,0.5,False,0.10590512393392763
24,1,100,10,0.5,False,0.1047220388449106
25,5,100,10,0.5,False,0.16216045360794049
26,10,100,10,0.5,False,0.09157711455598394
27,15,100,10,0.5,False,0.10164333930304591
28,20,100,10,0.5,False,0.15096955072231816
29,30,100,10,0.5,False,0.10242250416804406
30,40,100,10,0.5,False,0.11212190336253293
31,50,100,10,0.5,False,0.10739343282970173
32,1,100,20,0.5,False,0.11261590852032906
33,5,100,20,0.5,False,0.1315487052048143
34,10,100,20,0.5,False,0.15368971233892223
35,15,100,20,0.5,False,0.0921502621627579
36,20,100,20,0.5,False,0.08669318857581404
37,30,100,20,0.5,False,0.14822623524820316
38,40,100,20,0.5,False,0.08813545720566046
39,50,100,20,0.5,False,0.07171147773881914
40,1,100,50,0.5,False,0.029846638449281378
41,5,100,50,0.5,False,0.03889882406647047
42,10,100,50,0.5,False,0.03791449608647607
43,15,100,50,0.5,False,0.02588415902445036
44,20,100,50,0.5,False,0.03646544382332707
45,30,100,50,0.5,False,0.03462536260647709
46,40,100,50,0.5,False,0.025738685985478748
47,50,100,50,0.5,False,0.029486162576600233
48,1,100,1,0.5,True,0.05600646747768243
49,5,100,1,0.5,True,0.09060446398272151
50,10,100,1,0.5,True,0.08421700903673757
51,15,100,1,0.5,True,0.13983493346081757
52,20,100,1,0.5,True,0.12572799676595134
53,30,100,1,0.5,True,0.12437942722331315
54,40,100,1,0.5,True,0.13214647531007426
55,50,100,1,0.5,True,0.11587094114341066
56,1,100,2,0.5,True,0.09085325679358988
57,5,100,2,0.5,True,0.10014753161574252
58,10,100,2,0.5,True,0.07003858674906117
59,15,100,2,0.5,True,0.14406961926830777
60,20,100,2,0.5,True,0.14071976628132746
61,30,100,2,0.5,True,0.1140353099455788
62,40,100,2,0.5,True,0.10477478918751384
63,50,100,2,0.5,True,0.14668013934624774
64,1,100,5,0.5,True,0.11908307675850593
65,5,100,5,0.5,True,0.1009243474816949
66,10,100,5,0.5,True,0.10541866975046228
67,15,100,5,0.5,True,0.15288706336803856
68,20,100,5,0.5,True,0.09781368839088275
69,30,100,5,0.5,True,0.14586924639260673
70,40,100,5,0.5,True,0.07506696437833342
71,50,100,5,0.5,True,0.0825730542966646
72,1,100,10,0.5,True,0.14170321241412207
73,5,100,10,0.5,True,0.11579192142401933
74,10,100,10,0.5,True,0.11817485128961527
75,15,100,10,0.5,True,0.1235445569984108
76,20,100,10,0.5,True,0.11367591856269861
77,30,100,10,0.5,True,0.16919218431451769
78,40,100,10,0.5,True,0.1764984806802214
79,50,100,10,0.5,True,0.07030155765592552
80,1,100,20,0.5,True,0.0979848314883642
81,5,100,20,0.5,True,0.1364089855844676
82,10,100,20,0.5,True,0.13210346821206156
83,15,100,20,0.5,True,0.1598256251357601
84,20,100,20,0.5,True,0.12963057678717108
85,30,100,20,0.5,True,0.08551331585407568
86,40,100,20,0.5,True,0.10051387417359442
87,50,100,20,0.5,True,0.10504129384352444
88,1,100,50,0.5,True,0.03307929764046142
89,5,100,50,0.5,True,0.03708679189712853
90,10,100,50,0.5,True,0.030097130405653243
91,15,100,50,0.5,True,0.03768818095815765
92,20,100,50,0.5,True,0.0290232587297468
93,30,100,50,0.5,True,0.034497928180761604
94,40,100,50,0.5,True,0.03058263841956957
95,50,100,50,0.5,True,0.02403831325523344
96,1,200,1,0.5,False,0.14697945458348768
97,5,200,1,0.5,False,0.24080704371076414
98,10,200,1,0.5,False,0.2621093922864514
99,15,200,1,0.5,False,0.20291458042506913
100,20,200,1,0.5,False,0.20153529218151425
101,30,200,1,0.5,False,0.2271425590301371
102,40,200,1,0.5,False,0.31093686907480633
103,50,200,1,0.5,False,0.27039481734899534
104,1,200,2,0.5,False,0.200852375229042
105,5,200,2,0.5,False,0.15827372974392828
106,10,200,2,0.5,False,0.2092800495624526
107,15,200,2,0.5,False,0.23241089226862452
108,20,200,2,0.5,False,0.13724851057230675
109,30,200,2,0.5,False,0.29913448440995155
110,40,200,2,0.5,False,0.2561570371199137
111,50,200,2,0.5,False,0.29956639132320484
112,1,200,5,0.5,False,0.25179077039800124
113,5,200,5,0.5,False,0.18284593551333037
114,10,200,5,0.5,False,0.2593693581943376
115,15,200,5,0.5,False,0.28531178800901946
116,20,200,5,0.5,False,0.23515682980422334
117,30,200,5,0.5,False,0.18560499443049747
118,40,200,5,0.5,False,0.30035246150166167
119,50,200,5,0.5,False,0.2788817779547853
120,1,200,10,0.5,False,0.25844138595928534
121,5,200,10,0.5,False,0.2382342272804459
122,10,200,10,0.5,False,0.28708532373463747
123,15,200,10,0.5,False,0.32261481211674736
124,20,200,10,0.5,False,0.25589158437400056
125,30,200,10,0.5,False,0.19694448502190767
126,40,200,10,0.5,False,0.23133239745609238
127,50,200,10,0.5,False,0.19609092927471478
128,1,200,20,0.5,False,0.30511667253752667
129,5,200,20,0.5,False,0.18280581629753115
130,10,200,20,0.5,False,0.25227841254481237
131,15,200,20,0.5,False,0.25568124178459134
132,20,200,20,0.5,False,0.2539018184217784
133,30,200,20,0.5,False,0.22110757915186222
134,40,200,20,0.5,False,0.27821001463506334
135,50,200,20,0.5,False,0.20325178678885103
136,1,200,50,0.5,False,0.22269187558379422
137,5,200,50,0.5,False,0.2316525727555556
138,10,200,50,0.5,False,0.17194954757558795
139,15,200,50,0.5,False,0.22779341787153645
140,20,200,50,0.5,False,0.10366690554667626
141,30,200,50,0.5,False,0.14476667537908755
142,40,200,50,0.5,False,0.15165381211180542
143,50,200,50,0.5,False,0.16054111886648328
144,1,200,1,0.5,True,0.1775835396692619
145,5,200,1,0.5,True,0.20157910585038807
146,10,200,1,0.5,True,0.17914570063855098
147,15,200,1,0.5,True,0.22703742822698136
148,20,200,1,0.5,True,0.2900306126580549
149,30,200,1,0.5,True,0.2592863774995532
150,40,200,1,0.5,True,0.24577407141254695
151,50,200,1,0.5,True,0.2278591749070523
152,1,200,2,0.5,True,0.16893206663941662
153,5,200,2,0.5,True,0.1964173875665419
154,10,200,2,0.5,True,0.2708270644142954
155,15,200,2,0.5,True,0.2141630269482073
156,20,200,2,0.5,True,0.3095143916783566
157,30,200,2,0.5,True,0.2334526521318945
158,40,200,2,0.5,True,0.2846529533099096
159,50,200,2,0.5,True,0.16167246153874432
160,1,200,5,0.5,True,0.22758597114369114
161,5,200,5,0.5,True,0.2066065869753772
162,10,200,5,0.5,True,0.19138970150100024
163,15,200,5,0.5,True,0.19242569157700792
164,20,200,5,0.5,True,0.3058489204061334
165,30,200,5,0.5,True,0.30577567405457273
166,40,200,5,0.5,True,0.17024860862086746
167,50,200,5,0.5,True,0.2373530004717474
168,1,200,10,0.5,True,0.2169876459422932
169,5,200,10,0.5,True,0.21626281676454237
170,10,200,10,0.5,True,0.2291326547042022
171,15,200,10,0.5,True,0.21134215051834515
172,20,200,10,0.5,True,0.24073910978896923
173,30,200,10,0.5,True,0.26948093938387246
174,40,200,10,0.5,True,0.2751776508593908
175,50,200,10,0.5,True,0.25748318268195963
176,1,200,20,0.5,True,0.28010309012660745
177,5,200,20,0.5,True,0.2005358831437674
178,10,200,20,0.5,True,0.22288549655033013
179,15,200,20,0.5,True,0.30831031571515544
180,20,200,20,0.5,True,0.27469285192099446
181,30,200,20,0.5,True,0.2928499710623652
182,40,200,20,0.5,True,0.19673401977363067
183,50,200,20,0.5,True,0.1973080767916507
184,1,200,50,0.5,True,0.1688609690670682
185,5,200,50,0.5,True,0.19627565832201957
186,10,200,50,0.5,True,0.16080175159142335
187,15,200,50,0.5,True,0.19107363748563708
188,20,200,50,0.5,True,0.15333203582767152
189,30,200,50,0.5,True,0.08367430076995262
190,40,200,50,0.5,True,0.22271497883562433
191,50,200,50,0.5,True,0.21385630112125043
192,1,400,1,0.5,False,0.1998746827197296
193,5,400,1,0.5,False,0.27051909781073097
194,10,400,1,0.5,False,0.23494377359651342
195,15,400,1,0.5,False,0.26814403256386926
196,20,400,1,0.5,False,0.2957080232240843
197,30,400,1,0.5,False,0.28937478382777154
198,40,400,1,0.5,False,0.26787508531395016
199,50,400,1,0.5,False,0.28019084844223724
200,1,400,2,0.5,False,0.27770718772970515
201,5,400,2,0.5,False,0.2716621536301795
202,10,400,2,0.5,False,0.2432012626092318
203,15,400,2,0.5,False,0.30109705972777884
204,20,400,2,0.5,False,0.2716353526995367
205,30,400,2,0.5,False,0.30880622647295336
206,40,400,2,0.5,False,0.3670283785374654
207,50,400,2,0.5,False,0.2743759368444629
208,1,400,5,0.5,False,0.2780182725729317
209,5,400,5,0.5,False,0.316462663402182
210,10,400,5,0.5,False,0.3945125796294641
211,15,400,5,0.5,False,0.29763073151676167
212,20,400,5,0.5,False,0.20818571419504905
213,30,400,5,0.5,False,0.39905239554773303
214,40,400,5,0.5,False,0.3981592967818347
215,50,400,5,0.5,False,0.29041392152468426
216,1,400,10,0.5,False,0.2834740062782379
217,5,400,10,0.5,False,0.30259727692723654
218,10,400,10,0.5,False,0.33029067888622693
219,15,400,10,0.5,False,0.2727914489659686
220,20,400,10,0.5,False,0.20495343383057904
221,30,400,10,0.5,False,0.3173718836660608
222,40,400,10,0.5,False,0.2810368136812008
223,50,400,10,0.5,False,0.2158485864458599
224,1,400,20,0.5,False,0.2612629796536441
225,5,400,20,0.5,False,0.2896628124408408
226,10,400,20,0.5,False,0.26670268019243415
227,15,400,20,0.5,False,0.2968200305703249
228,20,400,20,0.5,False,0.29320564759883133
229,30,400,20,0.5,False,0.3243510614799087
230,40,400,20,0.5,False,0.31067970761902697
231,50,400,20,0.5,False,0.2869146783864355
232,1,400,50,0.5,False,0.32418198922145314
233,5,400,50,0.5,False,0.28423545769744585
234,10,400,50,0.5,False,0.2231561878750635
235,15,400,50,0.5,False,0.3054758983169975
236,20,400,50,0.5,False,0.25651525916832113
237,30,400,50,0.5,False,0.2519239580174465
238,40,400,50,0.5,False,0.32338899926117165
239,50,400,50,0.5,False,0.24866563619037474
240,1,400,1,0.5,True,0.17510577128266452
241,5,400,1,0.5,True,0.30031612323005874
242,10,400,1,0.5,True,0.26261436376811353
243,15,400,1,0.5,True,0.3485055965870279
244,20,400,1,0.5,True,0.33096023670893676
245,30,400,1,0.5,True,0.3109997020106318
246,40,400,1,0.5,True,0.2663188168100581
247,50,400,1,0.5,True,0.2910632933850677
248,1,400,2,0.5,True,0.24052472810642142
249,5,400,2,0.5,True,0.25068571763913317
250,10,400,2,0.5,True,0.23403013407496448
251,15,400,2,0.5,True,0.34233386461561577
252,20,400,2,0.5,True,0.3074624747915517
253,30,400,2,0.5,True,0.3652900789621543
254,40,400,2,0.5,True,0.30315420103318985
255,50,400,2,0.5,True,0.2614785583599519
256,1,400,5,0.5,True,0.2925330503772658
257,5,400,5,0.5,True,0.3318115567833106
258,10,400,5,0.5,True,0.28253923225650807
259,15,400,5,0.5,True,0.2726184590851455
260,20,400,5,0.5,True,0.4178430085101388
261,30,400,5,0.5,True,0.42902192337188627
262,40,400,5,0.5,True,0.3282841374346405
263,50,400,5,0.5,True,0.2871548443858174
264,1,400,10,0.5,True,0.2738964164252657
265,5,400,10,0.5,True,0.29501166536212076
266,10,400,10,0.5,True,0.2870152726655147
267,15,400,10,0.5,True,0.3356868095989483
268,20,400,10,0.5,True,0.27673073009732485
269,30,400,10,0.5,True,0.30555426645650735
270,40,400,10,0.5,True,0.3143851038895321
271,50,400,10,0.5,True,0.3672169470967012
272,1,400,20,0.5,True,0.32698046407741954
273,5,400,20,0.5,True,0.28086541884408334
274,10,400,20,0.5,True,0.29828058018185843
275,15,400,20,0.5,True,0.29367946089409563
276,20,400,20,0.5,True,0.2895449354262283
277,30,400,20,0.5,True,0.3197438032992864
278,40,400,20,0.5,True,0.26844862488112065
279,50,400,20,0.5,True,0.2689191940176513
280,1,400,50,0.5,True,0.3457473472251174
281,5,400,50,0.5,True,0.2891403035390883
282,10,400,50,0.5,True,0.23065062336297262
283,15,400,50,0.5,True,0.2069980020383657
284,20,400,50,0.5,True,0.2735912626179219
285,30,400,50,0.5,True,0.31952258558153196
286,40,400,50,0.5,True,0.29034907485291267
287,50,400,50,0.5,True,0.3091808172958536
288,1,100,1,0.6,False,0.06837049940825028
289,5,100,1,0.6,False,0.0644003915135475
290,10,100,1,0.6,False,0.1078195494579952
291,15,100,1,0.6,False,0.17066217563786765
292,20,100,1,0.6,False,0.08972251887521888
293,30,100,1,0.6,False,0.10485618326291998
294,40,100,1,0.6,False,0.08485783189282349
295,50,100,1,0.6,False,0.10977728370161198
296,1,100,2,0.6,False,0.06540140023550912
297,5,100,2,0.6,False,0.08825253168225348
298,10,100,2,0.6,False,0.1515756267416226
299,15,100,2,0.6,False,0.10319497388596995
300,20,100,2,0.6,False,0.12018668677322866
301,30,100,2,0.6,False,0.1403116887543763
302,40,100,2,0.6,False,0.13627940457889845
303,50,100,2,0.6,False,0.098270274573735
304,1,100,5,0.6,False,0.11516526206500999
305,5,100,5,0.6,False,0.12825154173244202
306,10,100,5,0.6,False,0.05856614836300401
307,15,100,5,0.6,False,0.11233088136933674
308,20,100,5,0.6,False,0.13743652067816842
309,30,100,5,0.6,False,0.09401597561964542
310,40,100,5,0.6,False,0.10050900745670005
311,50,100,5,0.6,False,0.12110680480505706
312,1,100,10,0.6,False,0.09517961964494244
313,5,100,10,0.6,False,0.10287163099908266
314,10,100,10,0.6,False,0.12170911540126177
315,15,100,10,0.6,False,0.11887646239614356
316,20,100,10,0.6,False,0.11374164174588185
317,30,100,10,0.6,False,0.11731577099292112
318,40,100,10,0.6,False,0.09912454391223079
319,50,100,10,0.6,False,0.1303693476810034
320,1,100,20,0.6,False,0.09298216559228009
321,5,100,20,0.6,False,0.08180953093800279
322,10,100,20,0.6,False,0.09833389505222347
323,15,100,20,0.6,False,0.12949761060574952
324,20,100,20,0.6,False,0.15145260163673424
325,30,100,20,0.6,False,0.12664890694647415
326,40,100,20,0.6,False,0.08721126538464413
327,50,100,20,0.6,False,0.11150203852150672
328,1,100,50,0.6,False,0.02698609069143085
329,5,100,50,0.6,False,0.029070851581349436
330,10,100,50,0.6,False,0.027433178446669104
331,15,100,50,0.6,False,0.034688928156432285
332,20,100,50,0.6,False,0.036494636233990664
333,30,100,50,0.6,False,0.029928997583677813
334,40,100,50,0.6,False,0.03849415510773764
335,50,100,50,0.6,False,0.03325438849947766
336,1,100,1,0.6,True,0.0518272106003687
337,5,100,1,0.6,True,0.07850766092758532
338,10,100,1,0.6,True,0.19287363515012423
339,15,100,1,0.6,True,0.12030216561463762
340,20,100,1,0.6,True,0.10587824248191728
341,30,100,1,0.6,True,0.1417694709412065
342,40,100,1,0.6,True,0.10238601503016632
343,50,100,1,0.6,True,0.14614774753712031
344,1,100,2,0.6,True,0.12417030355886928
345,5,100,2,0.6,True,0.0687023760061362
346,10,100,2,0.6,True,0.132713962141678
347,15,100,2,0.6,True,0.12695397854295107
348,20,100,2,0.6,True,0.12415421453463697
349,30,100,2,0.6,True,0.13680974861893702
350,40,100,2,0.6,True,0.1149140102920184
351,50,100,2,0.6,True,0.06671002946594173
352,1,100,5,0.6,True,0.14889133256606712
353,5,100,5,0.6,True,0.09194529107153625
354,10,100,5,0.6,True,0.14960180197408246
355,15,100,5,0.6,True,0.1394930618502285
356,20,100,5,0.6,True,0.12399830901474558
357,30,100,5,0.6,True,0.14807577082664522
358,40,100,5,0.6,True,0.18440938195924808
359,50,100,5,0.6,True,0.12237063721244598
360,1,100,10,0.6,True,0.1511068918346057
361,5,100,10,0.6,True,0.12170973015906962
362,10,100,10,0.6,True,0.14579374469898423
363,15,100,10,0.6,True,0.16470969100494515
364,20,100,10,0.6,True,0.12759813019154162
365,30,100,10,0.6,True,0.2109933641301468
366,40,100,10,0.6,True,0.09599808702604518
367,50,100,10,0.6,True,0.08863905424103458
368,1,100,20,0.6,True,0.1424735759822583
369,5,100,20,0.6,True,0.13982833134183906
370,10,100,20,0.6,True,0.14036984265263514
371,15,100,20,0.6,True,0.14719305512289896
372,20,100,20,0.6,True,0.11245353029625105
373,30,100,20,0.6,True,0.11493177824378668
374,40,100,20,0.6,True,0.15984034792265286
375,50,100,20,0.6,True,0.10831692666313264
376,1,100,50,0.6,True,0.03660526771305114
377,5,100,50,0.6,True,0.03682760338706772
378,10,100,50,0.6,True,0.0382940875400555
379,15,100,50,0.6,True,0.030028543481685346
380,20,100,50,0.6,True,0.022224661794843496
381,30,100,50,0.6,True,0.023536237394268317
382,40,100,50,0.6,True,0.03126643336750898
383,50,100,50,0.6,True,0.036118276649780574
384,1,200,1,0.6,False,0.10226633666274608
385,5,200,1,0.6,False,0.1326735833782918
386,10,200,1,0.6,False,0.29016041598092907
387,15,200,1,0.6,False,0.23069485809316173
388,20,200,1,0.6,False,0.16309699196473132
389,30,200,1,0.6,False,0.20281635784238658
390,40,200,1,0.6,False,0.21638491863521297
391,50,200,1,0.6,False,0.21479021844396165
392,1,200,2,0.6,False,0.17465255080544154
393,5,200,2,0.6,False,0.14859074806223307
394,10,200,2,0.6,False,0.17070544394405435
395,15,200,2,0.6,False,0.2544535819213282
396,20,200,2,0.6,False,0.30844128836883394
397,30,200,2,0.6,False,0.3305256490282926
398,40,200,2,0.6,False,0.28027355682948113
399,50,200,2,0.6,False,0.17248549527204526
400,1,200,5,0.6,False,0.2856662335540187
401,5,200,5,0.6,False,0.1967749044972698
402,10,200,5,0.6,False,0.14532874977769508
403,15,200,5,0.6,False,0.2913219717535619
404,20,200,5,0.6,False,0.317801014468076
405,30,200,5,0.6,False,0.21328705780574028
406,40,200,5,0.6,False,0.2721844996020397
407,50,200,5,0.6,False,0.237079393583699
408,1,200,10,0.6,False,0.20148748978225908
409,5,200,10,0.6,False,0.27432170089379176
410,10,200,10,0.6,False,0.23038448368247308
411,15,200,10,0.6,False,0.295594149366637
412,20,200,10,0.6,False,0.25539426960242334
413,30,200,10,0.6,False,0.23804143231402722
414,40,200,10,0.6,False,0.28752059615234066
415,50,200,10,0.6,False,0.28703279726206404
416,1,200,20,0.6,False,0.26004298140027426
417,5,200,20,0.6,False,0.2584602329879203
418,10,200,20,0.6,False,0.25384506822290903
419,15,200,20,0.6,False,0.23930126021934264
420,20,200,20,0.6,False,0.3346859262152192
421,30,200,20,0.6,False,0.32826576342211766
422,40,200,20,0.6,False,0.20231429017287456
423,50,200,20,0.6,False,0.18992746361625423
424,1,200,50,0.6,False,0.22351607417222266
425,5,200,50,0.6,False,0.18652390282147013
426,10,200,50,0.6,False,0.2169521596304111
427,15,200,50,0.6,False,0.12889166090075474
428,20,200,50,0.6,False,0.18980815586880737
429,30,200,50,0.6,False,0.12694472029766848
430,40,200,50,0.6,False,0.12435247015505396
431,50,200,50,0.6,False,0.14637456071295096
432,1,200,1,0.6,True,0.15995261148781373
433,5,200,1,0.6,True,0.17881440007848787
434,10,200,1,0.6,True,0.23377448556076644
435,15,200,1,0.6,True,0.2738091923158772
436,20,200,1,0.6,True,0.22369779979667906
437,30,200,1,0.6,True,0.30804853011484556
438,40,200,1,0.6,True,0.26169110078401336
439,50,200,1,0.6,True,0.27027891960447864
440,1,200,2,0.6,True,0.1284443531197972
441,5,200,2,0.6,True,0.1453364417750289
442,10,200,2,0.6,True,0.21942035796800233
443,15,200,2,0.6,True,0.32012663450925294
444,20,200,2,0.6,True,0.21104363988659056
445,30,200,2,0.6,True,0.2505399575890037
446,40,200,2,0.6,True,0.2774939633442024
447,50,200,2,0.6,True,0.23643870253586077
448,1,200,5,0.6,True,0.1947457764024031
449,5,200,5,0.6,True,0.2210459503070845
450,10,200,5,0.6,True,0.25326615556122173
451,15,200,5,0.6,True,0.22550895101647256
452,20,200,5,0.6,True,0.3290056682154626
453,30,200,5,0.6,True,0.18480342580399736
454,40,200,5,0.6,True,0.2075105042604155
455,50,200,5,0.6,True,0.22434967569001935
456,1,200,10,0.6,True,0.227573500766078
457,5,200,10,0.6,True,0.2277505562159154
458,10,200,10,0.6,True,0.311245855595021
459,15,200,10,0.6,True,0.26338902352500193
460,20,200,10,0.6,True,0.27712699642390387
461,30,200,10,0.6,True,0.3173812150466914
462,40,200,10,0.6,True,0.24083541932304917
463,50,200,10,0.6,True,0.2447255352935216
464,1,200,20,0.6,True,0.30631901736852063
465,5,200,20,0.6,True,0.2539604063110488
466,10,200,20,0.6,True,0.25011789766212195
467,15,200,20,0.6,True,0.2605913682221404
468,20,200,20,0.6,True,0.26042507186978753
469,30,200,20,0.6,True,0.2043479805590242
470,40,200,20,0.6,True,0.17323188845493967
471,50,200,20,0.6,True,0.2574432202976469
472,1,200,50,0.6,True,0.21481087773671637
473,5,200,50,0.6,True,0.112496296814906
474,10,200,50,0.6,True,0.08668004243410386
475,15,200,50,0.6,True,0.10753330185701163
476,20,200,50,0.6,True,0.21893677781143164
477,30,200,50,0.6,True,0.18164304890897365
478,40,200,50,0.6,True,0.16426078647105335
479,50,200,50,0.6,True,0.19249537574025294
480,1,400,1,0.6,False,0.2585470128835587
481,5,400,1,0.6,False,0.2588699112304251
482,10,400,1,0.6,False,0.23538938245001972
483,15,400,1,0.6,False,0.2715191759602496
484,20,400,1,0.6,False,0.29339334325102356
485,30,400,1,0.6,False,0.2603895964350886
486,40,400,1,0.6,False,0.2487418919518957
487,50,400,1,0.6,False,0.3286795766118712
488,1,400,2,0.6,False,0.2908920869078758
489,5,400,2,0.6,False,0.2297467948245421
490,10,400,2,0.6,False,0.3055047528920364
491,15,400,2,0.6,False,0.30154341965582787
492,20,400,2,0.6,False,0.2709280002708076
493,30,400,2,0.6,False,0.21640938223844866
494,40,400,2,0.6,False,0.3694826944318404
495,50,400,2,0.6,False,0.3268947758636787
496,1,400,5,0.6,False,0.362524819253662
497,5,400,5,0.6,False,0.24654023341731915
498,10,400,5,0.6,False,0.3152640260451937
499,15,400,5,0.6,False,0.3639386002158097
500,20,400,5,0.6,False,0.3374036980580012
501,30,400,5,0.6,False,0.329893016054973
502,40,400,5,0.6,False,0.2582519221301277
503,50,400,5,0.6,False,0.2912107103959263
504,1,400,10,0.6,False,0.2680615003014845
505,5,400,10,0.6,False,0.25762526966927995
506,10,400,10,0.6,False,0.2831462630575248
507,15,400,10,0.6,False,0.27050381771874005
508,20,400,10,0.6,False,0.2832578644260827
509,30,400,10,0.6,False,0.3034210601910313
510,40,400,10,0.6,False,0.2756113179638126
511,50,400,10,0.6,False,0.3295288583941831
512,1,400,20,0.6,False,0.19753481182073815
513,5,400,20,0.6,False,0.2624707907721398
514,10,400,20,0.6,False,0.2686498268382759
515,15,400,20,0.6,False,0.3253654713973032
516,20,400,20,0.6,False,0.27258212331165527
517,30,400,20,0.6,False,0.2810611067999258
518,40,400,20,0.6,False,0.2817210059000386
519,50,400,20,0.6,False,0.29748948410489273
520,1,400,50,0.6,False,0.301356166654527
521,5,400,50,0.6,False,0.30921612882941285
522,10,400,50,0.6,False,0.31307635708834397
523,15,400,50,0.6,False,0.29584132220764475
524,20,400,50,0.6,False,0.338159594836599
525,30,400,50,0.6,False,0.25814128634072875
526,40,400,50,0.6,False,0.26594442165790944
527,50,400,50,0.6,False,0.2620207670271914
528,1,400,1,0.6,True,0.17358263672438667
529,5,400,1,0.6,True,0.3031382080542208
530,10,400,1,0.6,True,0.2711480580250442
531,15,400,1,0.6,True,0.3684851213648393
532,20,400,1,0.6,True,0.2896237417122565
533,30,400,1,0.6,True,0.3505704148991055
534,40,400,1,0.6,True,0.3117225696490381
535,50,400,1,0.6,True,0.31992249762219366
536,1,400,2,0.6,True,0.21556536202875773
537,5,400,2,0.6,True,0.25141125915074086
538,10,400,2,0.6,True,0.27197299109374873
539,15,400,2,0.6,True,0.31418864874286634
540,20,400,2,0.6,True,0.32162692056057185
541,30,400,2,0.6,True,0.26800464923230954
542,40,400,2,0.6,True,0.33367499794864436
543,50,400,2,0.6,True,0.350239093248567
544,1,400,5,0.6,True,0.33037576964311205
545,5,400,5,0.6,True,0.24852860172284094
546,10,400,5,0.6,True,0.35329620866482847
547,15,400,5,0.6,True,0.35906257475325837
548,20,400,5,0.6,True,0.413294014235243
549,30,400,5,0.6,True,0.3188125245535034
550,40,400,5,0.6,True,0.3786510859293797
551,50,400,5,0.6,True,0.40872908497367627
552,1,400,10,0.6,True,0.2584144873502969
553,5,400,10,0.6,True,0.3564531378355743
554,10,400,10,0.6,True,0.2761124382430153
555,15,400,10,0.6,True,0.34392805202356386
556,20,400,10,0.6,True,0.30371789327652793
557,30,400,10,0.6,True,0.33398265124801285
558,40,400,10,0.6,True,0.2760371052963183
559,50,400,10,0.6,True,0.21197648568417377
560,1,400,20,0.6,True,0.22672698716501635
561,5,400,20,0.6,True,0.2808033863618249
562,10,400,20,0.6,True,0.2973269588561089
563,15,400,20,0.6,True,0.27628489450152055
564,20,400,20,0.6,True,0.245055606163137
565,30,400,20,0.6,True,0.30701734161973365
566,40,400,20,0.6,True,0.3103847689782799
567,50,400,20,0.6,True,0.3178021511970083
568,1,400,50,0.6,True,0.3255096766808265
569,5,400,50,0.6,True,0.28290806874301677
570,10,400,50,0.6,True,0.28058057914457135
571,15,400,50,0.6,True,0.17814030034802353
572,20,400,50,0.6,True,0.3258346874638415
573,30,400,50,0.6,True,0.30454004634742665
574,40,400,50,0.6,True,0.22889659774366386
575,50,400,50,0.6,True,0.29471718563861427
576,1,100,1,0.7,False,0.028156449537096544
577,5,100,1,0.7,False,0.109489836575767
578,10,100,1,0.7,False,0.0878763317890774
579,15,100,1,0.7,False,0.15488671139249213
580,20,100,1,0.7,False,0.11741069053821776
581,30,100,1,0.7,False,0.1180431470294531
582,40,100,1,0.7,False,0.1253366686495925
583,50,100,1,0.7,False,0.07755209027479157
584,1,100,2,0.7,False,0.14553406239672073
585,5,100,2,0.7,False,0.12788780280527515
586,10,100,2,0.7,False,0.1250312347856021
587,15,100,2,0.7,False,0.12317944168515625
588,20,100,2,0.7,False,0.11168577335873144
589,30,100,2,0.7,False,0.1088695558571364
590,40,100,2,0.7,False,0.1691559925119139
591,50,100,2,0.7,False,0.07219239481376298
592,1,100,5,0.7,False,0.12032054756400222
593,5,100,5,0.7,False,0.10715276014020537
594,10,100,5,0.7,False,0.11768957611184873
595,15,100,5,0.7,False,0.09990942633508576
596,20,100,5,0.7,False,0.17487054621653458
597,30,100,5,0.7,False,0.13924286649717135
598,40,100,5,0.7,False,0.11303615766627188
599,50,100,5,0.7,False,0.08493869587391382
600,1,100,10,0.7,False,0.15553534848060097
601,5,100,10,0.7,False,0.19744302435697075
602,10,100,10,0.7,False,0.07181249918493561
603,15,100,10,0.7,False,0.12164678486723654
604,20,100,10,0.7,False,0.13131409142175574
605,30,100,10,0.7,False,0.09836509884369081
606,40,100,10,0.7,False,0.12062902507187474
607,50,100,10,0.7,False,0.07040107307447639
608,1,100,20,0.7,False,0.12554047593907422
609,5,100,20,0.7,False,0.11173446500842228
610,10,100,20,0.7,False,0.10667241023513499
611,15,100,20,0.7,False,0.0968862685515581
612,20,100,20,0.7,False,0.07998145553830939
613,30,100,20,0.7,False,0.08049213373455726
614,40,100,20,0.7,False,0.09352486960901647
615,50,100,20,0.7,False,0.07810968664681574
616,1,100,50,0.7,False,0.0337230888834217
617,5,100,50,0.7,False,0.024786887848142102
618,10,100,50,0.7,False,0.03460093591698667
619,15,100,50,0.7,False,0.03461894561329115
620,20,100,50,0.7,False,0.030218319543573895
621,30,100,50,0.7,False,0.037112731817054045
622,40,100,50,0.7,False,0.0321610612067132
623,50,100,50,0.7,False,0.034615091316512824
624,1,100,1,0.7,True,0.052258712753745
625,5,100,1,0.7,True,0.1073919880608482
626,10,100,1,0.7,True,0.11636529908140505
627,15,100,1,0.7,True,0.137513942946041
628,20,100,1,0.7,True,0.14652534297899694
629,30,100,1,0.7,True,0.06651922035879024
630,40,100,1,0.7,True,0.1181835390520574
631,50,100,1,0.7,True,0.10959345909048693
632,1,100,2,0.7,True,0.08288234188213095
633,5,100,2,0.7,True,0.10592078204016087
634,10,100,2,0.7,True,0.18629735477489853
635,15,100,2,0.7,True,0.11025645244561745
636,20,100,2,0.7,True,0.15678806465248527
637,30,100,2,0.7,True,0.13970523908139007
638,40,100,2,0.7,True,0.12825379587752017
639,50,100,2,0.7,True,0.15269906106465822
640,1,100,5,0.7,True,0.05252625391872211
641,5,100,5,0.7,True,0.14893943415221875
642,10,100,5,0.7,True,0.10374676322887048
643,15,100,5,0.7,True,0.0901829638489575
644,20,100,5,0.7,True,0.19767941142712797
645,30,100,5,0.7,True,0.15480321665251787
646,40,100,5,0.7,True,0.10202936514898506
647,50,100,5,0.7,True,0.12379676740560087
648,1,100,10,0.7,True,0.0954549861343937
649,5,100,10,0.7,True,0.09537284953363917
650,10,100,10,0.7,True,0.12455475048363174
651,15,100,10,0.7,True,0.1410690074057458
652,20,100,10,0.7,True,0.1488747575273904
653,30,100,10,0.7,True,0.10625362616053918
654,40,100,10,0.7,True,0.12628000694233577
655,50,100,10,0.7,True,0.1386781693376392
656,1,100,20,0.7,True,0.15711420688786756
657,5,100,20,0.7,True,0.12125321102704588
658,10,100,20,0.7,True,0.11118968173665864
659,15,100,20,0.7,True,0.14554391949397302
660,20,100,20,0.7,True,0.1462937948557857
661,30,100,20,0.7,True,0.12378652714955928
662,40,100,20,0.7,True,0.1234508825875922
663,50,100,20,0.7,True,0.12337947190966633
664,1,100,50,0.7,True,0.028970964280831804
665,5,100,50,0.7,True,0.03521719585951753
666,10,100,50,0.7,True,0.03787378684616339
667,15,100,50,0.7,True,0.02262962719584371
668,20,100,50,0.7,True,0.03578492121340465
669,30,100,50,0.7,True,0.03751646333850683
670,40,100,50,0.7,True,0.030226497379226676
671,50,100,50,0.7,True,0.0377364801197096
672,1,200,1,0.7,False,0.15059641230019014
673,5,200,1,0.7,False,0.25095279837051093
674,10,200,1,0.7,False,0.2304678220633777
675,15,200,1,0.7,False,0.2332110102184785
676,20,200,1,0.7,False,0.26712283158589706
677,30,200,1,0.7,False,0.23477283899212073
678,40,200,1,0.7,False,0.2743524855305451
679,50,200,1,0.7,False,0.21204812942009404
680,1,200,2,0.7,False,0.1696594493756982
681,5,200,2,0.7,False,0.20992416788351909
682,10,200,2,0.7,False,0.1944867762344172
683,15,200,2,0.7,False,0.2250352148355956
684,20,200,2,0.7,False,0.2500574062753176
685,30,200,2,0.7,False,0.33707697060062985
686,40,200,2,0.7,False,0.29913022898554675
687,50,200,2,0.7,False,0.3294432211964655
688,1,200,5,0.7,False,0.20488014049759382
689,5,200,5,0.7,False,0.22719177176579053
690,10,200,5,0.7,False,0.26134783739597317
691,15,200,5,0.7,False,0.2637809768831488
692,20,200,5,0.7,False,0.31235025394621774
693,30,200,5,0.7,False,0.2397611428332136
694,40,200,5,0.7,False,0.3159266868533693
695,50,200,5,0.7,False,0.22552976588059287
696,1,200,10,0.7,False,0.24653202147340636
697,5,200,10,0.7,False,0.20722435691519742
698,10,200,10,0.7,False,0.26973747964382794
699,15,200,10,0.7,False,0.2539986089705293
700,20,200,10,0.7,False,0.18797599953619962
701,30,200,10,0.7,False,0.28736686981018955
702,40,200,10,0.7,False,0.2683464831288315
703,50,200,10,0.7,False,0.23172002718817372
704,1,200,20,0.7,False,0.24795418053283239
705,5,200,20,0.7,False,0.2791690081315609
706,10,200,20,0.7,False,0.22212756345356297
707,15,200,20,0.7,False,0.29950528369852714
708,20,200,20,0.7,False,0.2563715854743289
709,30,200,20,0.7,False,0.2952189622374125
710,40,200,20,0.7,False,0.24199994305155076
711,50,200,20,0.7,False,0.1989092545620939
712,1,200,50,0.7,False,0.14198503353571967
713,5,200,50,0.7,False,0.21831261982908437
714,10,200,50,0.7,False,0.10776820143045178
715,15,200,50,0.7,False,0.2306595653700736
716,20,200,50,0.7,False,0.2160619785951701
717,30,200,50,0.7,False,0.20707641084284917
718,40,200,50,0.7,False,0.1950952907414564
719,50,200,50,0.7,False,0.16171559710273575
720,1,200,1,0.7,True,0.14513238621057992
721,5,200,1,0.7,True,0.1656031716050611
722,10,200,1,0.7,True,0.31228804290487294
723,15,200,1,0.7,True,0.18392520179311247
724,20,200,1,0.7,True,0.2989197330438385
725,30,200,1,0.7,True,0.2697205272980614
726,40,200,1,0.7,True,0.19599887537268953
727,50,200,1,0.7,True,0.26667816156080376
728,1,200,2,0.7,True,0.14330742571416785
729,5,200,2,0.7,True,0.1943834069501456
730,10,200,2,0.7,True,0.2370507110490335
731,15,200,2,0.7,True,0.21385627873661245
732,20,200,2,0.7,True,0.28165639354224975
733,30,200,2,0.7,True,0.28382352669238065
734,40,200,2,0.7,True,0.275590719171045
735,50,200,2,0.7,True,0.1505732702521318
736,1,200,5,0.7,True,0.2668237889261869
737,5,200,5,0.7,True,0.17469625187581755
738,10,200,5,0.7,True,0.28146592765263767
739,15,200,5,0.7,True,0.19809695972857735
740,20,200,5,0.7,True,0.25478132832092254
741,30,200,5,0.7,True,0.22101292913811424
742,40,200,5,0.7,True,0.16414944494105915
743,50,200,5,0.7,True,0.3231361000879111
744,1,200,10,0.7,True,0.3112941332343305
745,5,200,10,0.7,True,0.272733812844156
746,10,200,10,0.7,True,0.2787493572044542
747,15,200,10,0.7,True,0.2892671994741887
748,20,200,10,0.7,True,0.23126227151124779
749,30,200,10,0.7,True,0.20647102632480577
750,40,200,10,0.7,True,0.20158622401209353
751,50,200,10,0.7,True,0.23328484836940933
752,1,200,20,0.7,True,0.26521677435280727
753,5,200,20,0.7,True,0.2275498963331829
754,10,200,20,0.7,True,0.21751891688384017
755,15,200,20,0.7,True,0.22367369667491438
756,20,200,20,0.7,True,0.1868694362612336
757,30,200,20,0.7,True,0.2538340903506894
758,40,200,20,0.7,True,0.24964894478463132
759,50,200,20,0.7,True,0.291986440364473
760,1,200,50,0.7,True,0.22384357610459613
761,5,200,50,0.7,True,0.14457306142217036
762,10,200,50,0.7,True,0.1461138402936727
763,15,200,50,0.7,True,0.10881715053660572
764,20,200,50,0.7,True,0.16746553202304676
765,30,200,50,0.7,True,0.10545736372987316
766,40,200,50,0.7,True,0.21260611624761222
767,50,200,50,0.7,True,0.16909854502709915
768,1,400,1,0.7,False,0.23211399957177564
769,5,400,1,0.7,False,0.22498947062531907
770,10,400,1,0.7,False,0.35690349012762745
771,15,400,1,0.7,False,0.274738035224001
772,20,400,1,0.7,False,0.29360508676911334
773,30,400,1,0.7,False,0.30273842905358433
774,40,400,1,0.7,False,0.2984745074806024
775,50,400,1,0.7,False,0.2963020721778478
776,1,400,2,0.7,False,0.2614234156014431
777,5,400,2,0.7,False,0.33511356283554483
778,10,400,2,0.7,False,0.33699650139105075
779,15,400,2,0.7,False,0.3023430947261006
780,20,400,2,0.7,False,0.34907714740568613
781,30,400,2,0.7,False,0.2631608081165667
782,40,400,2,0.7,False,0.3139296335582894
783,50,400,2,0.7,False,0.29491003290021706
784,1,400,5,0.7,False,0.27577416067269306
785,5,400,5,0.7,False,0.29723055142581767
786,10,400,5,0.7,False,0.2923582574548556
787,15,400,5,0.7,False,0.2107479276220998
788,20,400,5,0.7,False,0.2690460408454233
789,30,400,5,0.7,False,0.28868163715505896
790,40,400,5,0.7,False,0.2861726678324146
791,50,400,5,0.7,False,0.3135967020331885
792,1,400,10,0.7,False,0.2827051478545969
793,5,400,10,0.7,False,0.2657972679586585
794,10,400,10,0.7,False,0.28420959135943963
795,15,400,10,0.7,False,0.3457707376707323
796,20,400,10,0.7,False,0.2682337763268261
797,30,400,10,0.7,False,0.3054657149256378
798,40,400,10,0.7,False,0.28332924632763734
799,50,400,10,0.7,False,0.2850006425888832
800,1,400,20,0.7,False,0.2828565235407847
801,5,400,20,0.7,False,0.34575710357811695
802,10,400,20,0.7,False,0.24670603099000235
803,15,400,20,0.7,False,0.2654480744111825
804,20,400,20,0.7,False,0.21300816128507696
805,30,400,20,0.7,False,0.31808142563130953
806,40,400,20,0.7,False,0.26181498334495984
807,50,400,20,0.7,False,0.31482376832991116
808,1,400,50,0.7,False,0.3059275989117333
809,5,400,50,0.7,False,0.2883531115708262
810,10,400,50,0.7,False,0.31391481182553405
811,15,400,50,0.7,False,0.2386698986706859
812,20,400,50,0.7,False,0.21222012529285095
813,30,400,50,0.7,False,0.2831685139981665
814,40,400,50,0.7,False,0.27545481438757485
815,50,400,50,0.7,False,0.2667483571023525
816,1,400,1,0.7,True,0.13900094142936192
817,5,400,1,0.7,True,0.26399345565806276
818,10,400,1,0.7,True,0.30513902196143994
819,15,400,1,0.7,True,0.3397364294777586
820,20,400,1,0.7,True,0.3361580471496776
821,30,400,1,0.7,True,0.25180349412573433
822,40,400,1,0.7,True,0.3345757366456113
823,50,400,1,0.7,True,0.2849107167285689
824,1,400,2,0.7,True,0.15426244483090618
825,5,400,2,0.7,True,0.25373371711100956
826,10,400,2,0.7,True,0.2659336674953347
827,15,400,2,0.7,True,0.2809027594156536
828,20,400,2,0.7,True,0.3005219107337865
829,30,400,2,0.7,True,0.2770408812735831
830,40,400,2,0.7,True,0.24899511455694692
831,50,400,2,0.7,True,0.2930040668550225
832,1,400,5,0.7,True,0.31687127465935544
833,5,400,5,0.7,True,0.27936486934107607
834,10,400,5,0.7,True,0.37979676048715794
835,15,400,5,0.7,True,0.301235747686564
836,20,400,5,0.7,True,0.3022309372459391
837,30,400,5,0.7,True,0.26213672640200986
838,40,400,5,0.7,True,0.24847373608636894
839,50,400,5,0.7,True,0.32013514518035613
840,1,400,10,0.7,True,0.3684166803044998
841,5,400,10,0.7,True,0.3100795615760809
842,10,400,10,0.7,True,0.35545903074165214
843,15,400,10,0.7,True,0.3628592296146861
844,20,400,10,0.7,True,0.27568361319673135
845,30,400,10,0.7,True,0.2967961024136471
846,40,400,10,0.7,True,0.31414299540862906
847,50,400,10,0.7,True,0.2864664666857771
848,1,400,20,0.7,True,0.3293557422548749
849,5,400,20,0.7,True,0.27412589411449595
850,10,400,20,0.7,True,0.3189471835595653
851,15,400,20,0.7,True,0.299904440945955
852,20,400,20,0.7,True,0.35164785096809614
853,30,400,20,0.7,True,0.3558815658688228
854,40,400,20,0.7,True,0.3422896561038024
855,50,400,20,0.7,True,0.308240938451542
856,1,400,50,0.7,True,0.2784054034268084
857,5,400,50,0.7,True,0.38419282520374254
858,10,400,50,0.7,True,0.21811590026552174
859,15,400,50,0.7,True,0.306048282215867
860,20,400,50,0.7,True,0.2616593045770003
861,30,400,50,0.7,True,0.28478042775967755
862,40,400,50,0.7,True,0.2690301604494381
863,50,400,50,0.7,True,0.3206698592362257
864,1,100,1,0.8,False,0.07080526413163568
865,5,100,1,0.8,False,0.08763081412849992
866,10,100,1,0.8,False,0.10908046908065483
867,15,100,1,0.8,False,0.10109276479612404
868,20,100,1,0.8,False,0.14255756136203757
869,30,100,1,0.8,False,0.12483383259556066
870,40,100,1,0.8,False,0.1338901908929038
871,50,100,1,0.8,False,0.08611193179731948
872,1,100,2,0.8,False,0.11022331398327057
873,5,100,2,0.8,False,0.10953545028385075
874,10,100,2,0.8,False,0.12708354111550926
875,15,100,2,0.8,False,0.12637127892161543
876,20,100,2,0.8,False,0.11187984986466064
877,30,100,2,0.8,False,0.07837371924983812
878,40,100,2,0.8,False,0.11197572119862104
879,50,100,2,0.8,False,0.13541566071891073
880,1,100,5,0.8,False,0.11292148436486268
881,5,100,5,0.8,False,0.10429561191774485
882,10,100,5,0.8,False,0.14158991818671235
883,15,100,5,0.8,False,0.11914846347551596
884,20,100,5,0.8,False,0.15577707048863873
885,30,100,5,0.8,False,0.13152815626908018
886,40,100,5,0.8,False,0.1162758896534434
887,50,100,5,0.8,False,0.08467549533157549
888,1,100,10,0.8,False,0.1290654923106672
889,5,100,10,0.8,False,0.12867897191592625
890,10,100,10,0.8,False,0.11393993298710611
891,15,100,10,0.8,False,0.1202697889551625
892,20,100,10,0.8,False,0.14733907637751
893,30,100,10,0.8,False,0.13028089663084175
894,40,100,10,0.8,False,0.12985926364267888
895,50,100,10,0.8,False,0.13468138821114448
896,1,100,20,0.8,False,0.1018955590557301
897,5,100,20,0.8,False,0.1630628746622577
898,10,100,20,0.8,False,0.12504370572933454
899,15,100,20,0.8,False,0.11113685881331581
900,20,100,20,0.8,False,0.14451898056501541
901,30,100,20,0.8,False,0.09368393512598391
902,40,100,20,0.8,False,0.10584521977745849
903,50,100,20,0.8,False,0.10564389643316384
904,1,100,50,0.8,False,0.026940213797076475
905,5,100,50,0.8,False,0.037071280863207295
906,10,100,50,0.8,False,0.024495431007527595
907,15,100,50,0.8,False,0.041652453466263735
908,20,100,50,0.8,False,0.03200844092894989
909,30,100,50,0.8,False,0.0251096608454376
910,40,100,50,0.8,False,0.02617228966843997
911,50,100,50,0.8,False,0.02719694751737543
912,1,100,1,0.8,True,0.06046322872318945
913,5,100,1,0.8,True,0.09405012286234149
914,10,100,1,0.8,True,0.08797524665552399
915,15,100,1,0.8,True,0.12991544415357467
916,20,100,1,0.8,True,0.11381711342439563
917,30,100,1,0.8,True,0.109503692043846
918,40,100,1,0.8,True,0.1510344032251431
919,50,100,1,0.8,True,0.15708159140029662
920,1,100,2,0.8,True,0.08888406204710422
921,5,100,2,0.8,True,0.11004580207666693
922,10,100,2,0.8,True,0.13315861310225824
923,15,100,2,0.8,True,0.09170679980536885
924,20,100,2,0.8,True,0.12178669359816616
925,30,100,2,0.8,True,0.11245184762033868
926,40,100,2,0.8,True,0.10194781516411906
927,50,100,2,0.8,True,0.10431991943185309
928,1,100,5,0.8,True,0.1363532734172849
929,5,100,5,0.8,True,0.11356684269562368
930,10,100,5,0.8,True,0.10008942940158157
931,15,100,5,0.8,True,0.13248306343275582
932,20,100,5,0.8,True,0.14464269953000738
933,30,100,5,0.8,True,0.11174002401444548
934,40,100,5,0.8,True,0.0729493407238515
935,50,100,5,0.8,True,0.11045928353454867
936,1,100,10,0.8,True,0.11779308791638415
937,5,100,10,0.8,True,0.1256633170765067
938,10,100,10,0.8,True,0.10145079448071424
939,15,100,10,0.8,True,0.1342441685813532
940,20,100,10,0.8,True,0.1059583021514316
941,30,100,10,0.8,True,0.11746988246479821
942,40,100,10,0.8,True,0.12998708435249273
943,50,100,10,0.8,True,0.10380231572330317
944,1,100,20,0.8,True,0.10559357762221176
945,5,100,20,0.8,True,0.1686281622328961
946,10,100,20,0.8,True,0.13541305109288992
947,15,100,20,0.8,True,0.14487587557658865
948,20,100,20,0.8,True,0.17252346803398863
949,30,100,20,0.8,True,0.09272638716971547
950,40,100,20,0.8,True,0.10700782453452237
951,50,100,20,0.8,True,0.14374960993597455
952,1,100,50,0.8,True,0.031128859448756905
953,5,100,50,0.8,True,0.039703471316428166
954,10,100,50,0.8,True,0.04131290871165318
955,15,100,50,0.8,True,0.0324328486607819
956,20,100,50,0.8,True,0.03940748106964457
957,30,100,50,0.8,True,0.03259134017595163
958,40,100,50,0.8,True,0.040691902141891674
959,50,100,50,0.8,True,0.026227878645289707
960,1,200,1,0.8,False,0.13101768258725507
961,5,200,1,0.8,False,0.17390166490549128
962,10,200,1,0.8,False,0.2167392703156008
963,15,200,1,0.8,False,0.23272464419752878
964,20,200,1,0.8,False,0.20722289667411306
965,30,200,1,0.8,False,0.306171936766101
966,40,200,1,0.8,False,0.32008643663673464
967,50,200,1,0.8,False,0.23107381854372142
968,1,200,2,0.8,False,0.2538642601799794
969,5,200,2,0.8,False,0.301274293426846
970,10,200,2,0.8,False,0.27541280900132514
971,15,200,2,0.8,False,0.25839073979529914
972,20,200,2,0.8,False,0.23348412044786562
973,30,200,2,0.8,False,0.232522175512485
974,40,200,2,0.8,False,0.31611156803771057
975,50,200,2,0.8,False,0.2209546674506263
976,1,200,5,0.8,False,0.24810550684740065
977,5,200,5,0.8,False,0.2941879088109644
978,10,200,5,0.8,False,0.19636289715808875
979,15,200,5,0.8,False,0.17741378781683953
980,20,200,5,0.8,False,0.27107114256520104
981,30,200,5,0.8,False,0.23970676471812136
982,40,200,5,0.8,False,0.2458381228562763
983,50,200,5,0.8,False,0.2583621644245442
984,1,200,10,0.8,False,0.2987192031600072
985,5,200,10,0.8,False,0.2773541678949628
986,10,200,10,0.8,False,0.23868016887131732
987,15,200,10,0.8,False,0.2818989870608715
988,20,200,10,0.8,False,0.26367666079615154
989,30,200,10,0.8,False,0.28733369803890707
990,40,200,10,0.8,False,0.2299585873085135
991,50,200,10,0.8,False,0.22102783576003093
992,1,200,20,0.8,False,0.24934632019392175
993,5,200,20,0.8,False,0.2552163387454682
994,10,200,20,0.8,False,0.24226830014028158
995,15,200,20,0.8,False,0.256361672830485
996,20,200,20,0.8,False,0.224494147976539
997,30,200,20,0.8,False,0.2653344273912781
998,40,200,20,0.8,False,0.27400662725369174
999,50,200,20,0.8,False,0.22551156797492858
1000,1,200,50,0.8,False,0.23487483693675512
1001,5,200,50,0.8,False,0.24381203209058092
1002,10,200,50,0.8,False,0.20551847753147742
1003,15,200,50,0.8,False,0.25560298047570734
1004,20,200,50,0.8,False,0.13964452285154297
1005,30,200,50,0.8,False,0.15492275090904623
1006,40,200,50,0.8,False,0.13690037705374108
1007,50,200,50,0.8,False,0.16132900154626795
1008,1,200,1,0.8,True,0.11822972300468078
1009,5,200,1,0.8,True,0.1911510017460491
1010,10,200,1,0.8,True,0.18714039269660854
1011,15,200,1,0.8,True,0.24314793343005833
1012,20,200,1,0.8,True,0.20033500025169323
1013,30,200,1,0.8,True,0.2857350584197887
1014,40,200,1,0.8,True,0.2697844765494839
1015,50,200,1,0.8,True,0.26599072408013874
1016,1,200,2,0.8,True,0.23201095289012755
1017,5,200,2,0.8,True,0.22688740867704343
1018,10,200,2,0.8,True,0.2394435487633989
1019,15,200,2,0.8,True,0.18362416544258442
1020,20,200,2,0.8,True,0.24159992452496865
1021,30,200,2,0.8,True,0.2604699876320269
1022,40,200,2,0.8,True,0.30108456737513456
1023,50,200,2,0.8,True,0.2895611981972018
1024,1,200,5,0.8,True,0.1978549957625097
1025,5,200,5,0.8,True,0.14595808024551835
1026,10,200,5,0.8,True,0.2687485977597106
1027,15,200,5,0.8,True,0.3051626820087744
1028,20,200,5,0.8,True,0.1996522662228535
1029,30,200,5,0.8,True,0.25398252505863134
1030,40,200,5,0.8,True,0.23380631502761406
1031,50,200,5,0.8,True,0.2107790902535888
1032,1,200,10,0.8,True,0.22242007313263135
1033,5,200,10,0.8,True,0.2682043630701866
1034,10,200,10,0.8,True,0.23914214318013266
1035,15,200,10,0.8,True,0.2601509268173762
1036,20,200,10,0.8,True,0.23300580218818887
1037,30,200,10,0.8,True,0.22860726930046418
1038,40,200,10,0.8,True,0.2818088049112122
1039,50,200,10,0.8,True,0.19845802996488832
1040,1,200,20,0.8,True,0.23742247805260389
1041,5,200,20,0.8,True,0.18740403263844127
1042,10,200,20,0.8,True,0.20414819481299698
1043,15,200,20,0.8,True,0.16847991579975957
1044,20,200,20,0.8,True,0.23319657981668612
1045,30,200,20,0.8,True,0.24210694976833186
1046,40,200,20,0.8,True,0.27360110936375537
1047,50,200,20,0.8,True,0.1535261868196285
1048,1,200,50,0.8,True,0.17602666018612984
1049,5,200,50,0.8,True,0.14228274141419997
1050,10,200,50,0.8,True,0.20828984475599124
1051,15,200,50,0.8,True,0.217167069801713
1052,20,200,50,0.8,True,0.15644443239334327
1053,30,200,50,0.8,True,0.17890347429363773
1054,40,200,50,0.8,True,0.140040875046863
1055,50,200,50,0.8,True,0.13771142278027626
1056,1,400,1,0.8,False,0.21525575772160258
1057,5,400,1,0.8,False,0.26829905615591887
1058,10,400,1,0.8,False,0.30246220149467545
1059,15,400,1,0.8,False,0.2836175957888154
1060,20,400,1,0.8,False,0.3171324917385981
1061,30,400,1,0.8,False,0.28632443102500305
1062,40,400,1,0.8,False,0.32132776732035345
1063,50,400,1,0.8,False,0.3417714717756287
1064,1,400,2,0.8,False,0.22128845696124086
1065,5,400,2,0.8,False,0.34717936657730425
1066,10,400,2,0.8,False,0.3003638672321392
1067,15,400,2,0.8,False,0.279521772543861
1068,20,400,2,0.8,False,0.2716643972187106
1069,30,400,2,0.8,False,0.2609038400174705
1070,40,400,2,0.8,False,0.40209309552454175
1071,50,400,2,0.8,False,0.32009663215125417
1072,1,400,5,0.8,False,0.2956478822992913
1073,5,400,5,0.8,False,0.2759032618017036
1074,10,400,5,0.8,False,0.31394045852800573
1075,15,400,5,0.8,False,0.31695208327081803
1076,20,400,5,0.8,False,0.3153494780817391
1077,30,400,5,0.8,False,0.32059659261714407
1078,40,400,5,0.8,False,0.26454042154808866
1079,50,400,5,0.8,False,0.2635931212828271
1080,1,400,10,0.8,False,0.24836395980481893
1081,5,400,10,0.8,False,0.28177567926311925
1082,10,400,10,0.8,False,0.29077851989125825
1083,15,400,10,0.8,False,0.2962863520907281
1084,20,400,10,0.8,False,0.3309570596266722
1085,30,400,10,0.8,False,0.2757899967903158
1086,40,400,10,0.8,False,0.2937794135638965
1087,50,400,10,0.8,False,0.3064147729021448
1088,1,400,20,0.8,False,0.3403188864549972
1089,5,400,20,0.8,False,0.3424639161462413
1090,10,400,20,0.8,False,0.32348695225709195
1091,15,400,20,0.8,False,0.3048999711329024
1092,20,400,20,0.8,False,0.2361686235594923
1093,30,400,20,0.8,False,0.22649203341738644
1094,40,400,20,0.8,False,0.3084028818876199
1095,50,400,20,0.8,False,0.2149406686729723
1096,1,400,50,0.8,False,0.2568480749352381
1097,5,400,50,0.8,False,0.32995291417499784
1098,10,400,50,0.8,False,0.26864851916044397
1099,15,400,50,0.8,False,0.2996516913677906
1100,20,400,50,0.8,False,0.28062340473152925
1101,30,400,50,0.8,False,0.18700073362224637
1102,40,400,50,0.8,False,0.27370293939065493
1103,50,400,50,0.8,False,0.3378967156429844
1104,1,400,1,0.8,True,0.26250677701258185
1105,5,400,1,0.8,True,0.24244018411827328
1106,10,400,1,0.8,True,0.19725489105426647
1107,15,400,1,0.8,True,0.28847130238177665
1108,20,400,1,0.8,True,0.2657320567422304
1109,30,400,1,0.8,True,0.3164189744236504
1110,40,400,1,0.8,True,0.2908988619318532
1111,50,400,1,0.8,True,0.2645133018588749
1112,1,400,2,0.8,True,0.21970201079576665
1113,5,400,2,0.8,True,0.3343235660051041
1114,10,400,2,0.8,True,0.30813422219153636
1115,15,400,2,0.8,True,0.26038564320834745
1116,20,400,2,0.8,True,0.37740593006216655
1117,30,400,2,0.8,True,0.3545424965062878
1118,40,400,2,0.8,True,0.3119430248200771
1119,50,400,2,0.8,True,0.307423402988831
1120,1,400,5,0.8,True,0.23055109209297678
1121,5,400,5,0.8,True,0.3259766740008786
1122,10,400,5,0.8,True,0.3113157457015881
1123,15,400,5,0.8,True,0.32694154627519756
1124,20,400,5,0.8,True,0.3326111678646887
1125,30,400,5,0.8,True,0.3004770041702911
1126,40,400,5,0.8,True,0.34854317499700505
1127,50,400,5,0.8,True,0.3113703935492248
1128,1,400,10,0.8,True,0.2913937359177502
1129,5,400,10,0.8,True,0.31051294540573
1130,10,400,10,0.8,True,0.328870108466296
1131,15,400,10,0.8,True,0.2876694727101489
1132,20,400,10,0.8,True,0.3923848712616062
1133,30,400,10,0.8,True,0.3399351191561725
1134,40,400,10,0.8,True,0.3046512846038131
1135,50,400,10,0.8,True,0.2661853061153407
1136,1,400,20,0.8,True,0.34787742195497245
1137,5,400,20,0.8,True,0.39208235697067306
1138,10,400,20,0.8,True,0.2782307675225132
1139,15,400,20,0.8,True,0.28234594149715925
1140,20,400,20,0.8,True,0.301420942851903
1141,30,400,20,0.8,True,0.35330835720774895
1142,40,400,20,0.8,True,0.34977439564247287
1143,50,400,20,0.8,True,0.2741294155525807
1144,1,400,50,0.8,True,0.23115794823229635
1145,5,400,50,0.8,True,0.27409678065300636
1146,10,400,50,0.8,True,0.30091928509454746
1147,15,400,50,0.8,True,0.2676089635287088
1148,20,400,50,0.8,True,0.23646413096058697
1149,30,400,50,0.8,True,0.3487337386425269
1150,40,400,50,0.8,True,0.26910890552134875
1151,50,400,50,0.8,True,0.30046506004644874
1152,1,100,1,0.95,False,0.05549051168033761
1153,5,100,1,0.95,False,0.14552292233203196
1154,10,100,1,0.95,False,0.12792346110604166
1155,15,100,1,0.95,False,0.10889135712992254
1156,20,100,1,0.95,False,0.14084097333114892
1157,30,100,1,0.95,False,0.12233620965734068
1158,40,100,1,0.95,False,0.13442122784238555
1159,50,100,1,0.95,False,0.09007959806952553
1160,1,100,2,0.95,False,0.11212529912775737
1161,5,100,2,0.95,False,0.12623671970864656
1162,10,100,2,0.95,False,0.11014784910473045
1163,15,100,2,0.95,False,0.17621666802947783
1164,20,100,2,0.95,False,0.14468048665928238
1165,30,100,2,0.95,False,0.15176720899135113
1166,40,100,2,0.95,False,0.11880419001994423
1167,50,100,2,0.95,False,0.12769020742650508
1168,1,100,5,0.95,False,0.14342605914277867
1169,5,100,5,0.95,False,0.10510638503265086
1170,10,100,5,0.95,False,0.1091678683814712
1171,15,100,5,0.95,False,0.10584976564617493
1172,20,100,5,0.95,False,0.0991324874655626
1173,30,100,5,0.95,False,0.12268142428001005
1174,40,100,5,0.95,False,0.10937462259578846
1175,50,100,5,0.95,False,0.15845263884051852
1176,1,100,10,0.95,False,0.11697993761491354
1177,5,100,10,0.95,False,0.16696267595531827
1178,10,100,10,0.95,False,0.1726438200704681
1179,15,100,10,0.95,False,0.11022786114584146
1180,20,100,10,0.95,False,0.12906405443027172
1181,30,100,10,0.95,False,0.10644545332043856
1182,40,100,10,0.95,False,0.09509852419484068
1183,50,100,10,0.95,False,0.08748228137844428
1184,1,100,20,0.95,False,0.10771835730533058
1185,5,100,20,0.95,False,0.10764416593711552
1186,10,100,20,0.95,False,0.07131834996987226
1187,15,100,20,0.95,False,0.12966196930580215
1188,20,100,20,0.95,False,0.09495290672592199
1189,30,100,20,0.95,False,0.11109722563375755
1190,40,100,20,0.95,False,0.1094266574787416
1191,50,100,20,0.95,False,0.090601785481785
1192,1,100,50,0.95,False,0.03817310524052854
1193,5,100,50,0.95,False,0.03134360545341237
1194,10,100,50,0.95,False,0.031094375276842896
1195,15,100,50,0.95,False,0.026648974664508114
1196,20,100,50,0.95,False,0.03224682592768334
1197,30,100,50,0.95,False,0.03491900544785152
1198,40,100,50,0.95,False,0.037039828180402266
1199,50,100,50,0.95,False,0.037269014406134664
1200,1,100,1,0.95,True,0.05821169469132796
1201,5,100,1,0.95,True,0.07743474715810911
1202,10,100,1,0.95,True,0.13506349551016877
1203,15,100,1,0.95,True,0.12768728787966832
1204,20,100,1,0.95,True,0.11224576228707932
1205,30,100,1,0.95,True,0.15238149090393097
1206,40,100,1,0.95,True,0.10047047240674668
1207,50,100,1,0.95,True,0.09074875572989939
1208,1,100,2,0.95,True,0.06860872492463381
1209,5,100,2,0.95,True,0.08104117618201065
1210,10,100,2,0.95,True,0.09853938864901565
1211,15,100,2,0.95,True,0.13141056913221733
1212,20,100,2,0.95,True,0.17914564635117491
1213,30,100,2,0.95,True,0.1326857260263287
1214,40,100,2,0.95,True,0.12340263971560572
1215,50,100,2,0.95,True,0.1206278613374108
1216,1,100,5,0.95,True,0.12717529052893445
1217,5,100,5,0.95,True,0.09724933635353684
1218,10,100,5,0.95,True,0.09952088235617673
1219,15,100,5,0.95,True,0.11773043093432
1220,20,100,5,0.95,True,0.13853508139436024
1221,30,100,5,0.95,True,0.10599116685652878
1222,40,100,5,0.95,True,0.1397466598580368
1223,50,100,5,0.95,True,0.08653060551743844
1224,1,100,10,0.95,True,0.1312831736817214
1225,5,100,10,0.95,True,0.09964548987657505
1226,10,100,10,0.95,True,0.13103474978754914
1227,15,100,10,0.95,True,0.14053290366484886
1228,20,100,10,0.95,True,0.11324850352127684
1229,30,100,10,0.95,True,0.12846110821417825
1230,40,100,10,0.95,True,0.07831180036515202
1231,50,100,10,0.95,True,0.08576403618073676
1232,1,100,20,0.95,True,0.1607744964503496
1233,5,100,20,0.95,True,0.14375631551782458
1234,10,100,20,0.95,True,0.134905872980253
1235,15,100,20,0.95,True,0.15062012333770564
1236,20,100,20,0.95,True,0.12765141857324783
1237,30,100,20,0.95,True,0.09412216670467168
1238,40,100,20,0.95,True,0.09360730806260063
1239,50,100,20,0.95,True,0.08514052217554735
1240,1,100,50,0.95,True,0.026538594228611864
1241,5,100,50,0.95,True,0.024956044223581574
1242,10,100,50,0.95,True,0.03817674028387067
1243,15,100,50,0.95,True,0.02903550810700632
1244,20,100,50,0.95,True,0.034614970834257144
1245,30,100,50,0.95,True,0.026062412803324952
1246,40,100,50,0.95,True,0.02671070614149185
1247,50,100,50,0.95,True,0.0380645345982014
1248,1,200,1,0.95,False,0.1641145164026935
1249,5,200,1,0.95,False,0.14983903849642777
1250,10,200,1,0.95,False,0.23194795457382242
1251,15,200,1,0.95,False,0.21978230765249926
1252,20,200,1,0.95,False,0.3019179610395185
1253,30,200,1,0.95,False,0.2446170966879499
1254,40,200,1,0.95,False,0.2831327286275715
1255,50,200,1,0.95,False,0.2971792375468056
1256,1,200,2,0.95,False,0.20859561855703682
1257,5,200,2,0.95,False,0.17398215282417226
1258,10,200,2,0.95,False,0.32892182860931013
1259,15,200,2,0.95,False,0.2013437756948503
1260,20,200,2,0.95,False,0.26096369256187063
1261,30,200,2,0.95,False,0.2702311343434124
1262,40,200,2,0.95,False,0.22436712187543603
1263,50,200,2,0.95,False,0.2729105862086937
1264,1,200,5,0.95,False,0.1953288974066621
1265,5,200,5,0.95,False,0.22698867052469382
1266,10,200,5,0.95,False,0.20326490415431003
1267,15,200,5,0.95,False,0.32599189106036486
1268,20,200,5,0.95,False,0.19371985812620007
1269,30,200,5,0.95,False,0.1795619153160089
1270,40,200,5,0.95,False,0.22267314505308913
1271,50,200,5,0.95,False,0.26692557383708243
1272,1,200,10,0.95,False,0.28359967159359456
1273,5,200,10,0.95,False,0.20551260652549624
1274,10,200,10,0.95,False,0.22678148682617927
1275,15,200,10,0.95,False,0.27695281864841004
1276,20,200,10,0.95,False,0.2447004689653247
1277,30,200,10,0.95,False,0.28268290069756996
1278,40,200,10,0.95,False,0.17260723027546196
1279,50,200,10,0.95,False,0.24790003203997216
1280,1,200,20,0.95,False,0.23039439819879512
1281,5,200,20,0.95,False,0.19456898409309858
1282,10,200,20,0.95,False,0.26073360728373407
1283,15,200,20,0.95,False,0.24952640839359536
1284,20,200,20,0.95,False,0.18838544675728092
1285,30,200,20,0.95,False,0.2116392477462942
1286,40,200,20,0.95,False,0.25354573300318006
1287,50,200,20,0.95,False,0.2780933609681328
1288,1,200,50,0.95,False,0.19724671271133004
1289,5,200,50,0.95,False,0.15758782410823294
1290,10,200,50,0.95,False,0.21311351400629597
1291,15,200,50,0.95,False,0.21826509804826136
1292,20,200,50,0.95,False,0.1503268759536091
1293,30,200,50,0.95,False,0.21723775330585232
1294,40,200,50,0.95,False,0.18423161307865554
1295,50,200,50,0.95,False,0.19511250576649122
1296,1,200,1,0.95,True,0.06742253619023617
1297,5,200,1,0.95,True,0.22929709502418114
1298,10,200,1,0.95,True,0.19258984915503108
1299,15,200,1,0.95,True,0.2370022556500523
1300,20,200,1,0.95,True,0.23646204390040726
1301,30,200,1,0.95,True,0.2520461747796387
1302,40,200,1,0.95,True,0.26279186156720885
1303,50,200,1,0.95,True,0.25993690850032786
1304,1,200,2,0.95,True,0.15263149355162434
1305,5,200,2,0.95,True,0.22175777964623225
1306,10,200,2,0.95,True,0.2359905888006378
1307,15,200,2,0.95,True,0.2755706211295296
1308,20,200,2,0.95,True,0.22318426041667622
1309,30,200,2,0.95,True,0.22181854902970394
1310,40,200,2,0.95,True,0.2257720457639916
1311,50,200,2,0.95,True,0.2724082040531233
1312,1,200,5,0.95,True,0.19150670722054147
1313,5,200,5,0.95,True,0.22683308920042022
1314,10,200,5,0.95,True,0.23386869844141828
1315,15,200,5,0.95,True,0.2019122713131926
1316,20,200,5,0.95,True,0.2694651012614744
1317,30,200,5,0.95,True,0.2905754663460798
1318,40,200,5,0.95,True,0.26307146913209484
1319,50,200,5,0.95,True,0.1197658593508961
1320,1,200,10,0.95,True,0.26096698167395105
1321,5,200,10,0.95,True,0.21665189739432758
1322,10,200,10,0.95,True,0.2758670164036613
1323,15,200,10,0.95,True,0.2712234541614286
1324,20,200,10,0.95,True,0.29021762707693977
1325,30,200,10,0.95,True,0.3167118083149349
1326,40,200,10,0.95,True,0.2834375309217537
1327,50,200,10,0.95,True,0.19827847018678207
1328,1,200,20,0.95,True,0.19383571315489737
1329,5,200,20,0.95,True,0.30418203379711395
1330,10,200,20,0.95,True,0.30665381422879157
1331,15,200,20,0.95,True,0.27349735691749916
1332,20,200,20,0.95,True,0.27127677710978404
1333,30,200,20,0.95,True,0.22521494436539669
1334,40,200,20,0.95,True,0.2075634847986875
1335,50,200,20,0.95,True,0.2228624436501884
1336,1,200,50,0.95,True,0.16398676078919808
1337,5,200,50,0.95,True,0.21296368775058905
1338,10,200,50,0.95,True,0.12270918048578752
1339,15,200,50,0.95,True,0.10101292592603493
1340,20,200,50,0.95,True,0.19733823385836344
1341,30,200,50,0.95,True,0.09610911753916272
1342,40,200,50,0.95,True,0.15817395414944796
1343,50,200,50,0.95,True,0.14418565543164238
1344,1,400,1,0.95,False,0.24005503893912417
1345,5,400,1,0.95,False,0.2290038486995423
1346,10,400,1,0.95,False,0.26745674100638306
1347,15,400,1,0.95,False,0.3161688470028986
1348,20,400,1,0.95,False,0.35373763036963607
1349,30,400,1,0.95,False,0.25121710949488585
1350,40,400,1,0.95,False,0.3044283718737568
1351,50,400,1,0.95,False,0.3032724076661869
1352,1,400,2,0.95,False,0.2218920282733421
1353,5,400,2,0.95,False,0.3001747942606836
1354,10,400,2,0.95,False,0.28234177388235127
1355,15,400,2,0.95,False,0.2855371227867499
1356,20,400,2,0.95,False,0.3369415545824007
1357,30,400,2,0.95,False,0.38203856686223614
1358,40,400,2,0.95,False,0.3144662258942452
1359,50,400,2,0.95,False,0.35224239188093104
1360,1,400,5,0.95,False,0.2636121426172816
1361,5,400,5,0.95,False,0.3666067507715651
1362,10,400,5,0.95,False,0.29063937592329314
1363,15,400,5,0.95,False,0.3549901476844903
1364,20,400,5,0.95,False,0.3910011196569139
1365,30,400,5,0.95,False,0.2804940379074574
1366,40,400,5,0.95,False,0.27688513162264533
1367,50,400,5,0.95,False,0.2969518553119446
1368,1,400,10,0.95,False,0.29598462892720967
1369,5,400,10,0.95,False,0.3075526400150079
1370,10,400,10,0.95,False,0.32618261813159266
1371,15,400,10,0.95,False,0.2954892060853058
1372,20,400,10,0.95,False,0.34989414570188654
1373,30,400,10,0.95,False,0.3692524928010723
1374,40,400,10,0.95,False,0.31645999417442155
1375,50,400,10,0.95,False,0.2845547223905033
1376,1,400,20,0.95,False,0.28429946014250057
1377,5,400,20,0.95,False,0.3651151482355983
1378,10,400,20,0.95,False,0.30852516969272015
1379,15,400,20,0.95,False,0.23680882150319474
1380,20,400,20,0.95,False,0.270932286069231
1381,30,400,20,0.95,False,0.2587194731129976
1382,40,400,20,0.95,False,0.20643142839393672
1383,50,400,20,0.95,False,0.3060687298076453
1384,1,400,50,0.95,False,0.26188998507719796
1385,5,400,50,0.95,False,0.20708290941259813
1386,10,400,50,0.95,False,0.301819592211294
1387,15,400,50,0.95,False,0.314818209597695
1388,20,400,50,0.95,False,0.24825744752468384
1389,30,400,50,0.95,False,0.22936137041633703
1390,40,400,50,0.95,False,0.25681245481783477
1391,50,400,50,0.95,False,0.2907654890195155
1392,1,400,1,0.95,True,0.23623363329859123
1393,5,400,1,0.95,True,0.2725793716030093
1394,10,400,1,0.95,True,0.26028589334808044
1395,15,400,1,0.95,True,0.34789592853150475
1396,20,400,1,0.95,True,0.36625006066231774
1397,30,400,1,0.95,True,0.30834283384209843
1398,40,400,1,0.95,True,0.3149454442671197
1399,50,400,1,0.95,True,0.2968701090120236
1400,1,400,2,0.95,True,0.2259352613105128
1401,5,400,2,0.95,True,0.33555381962740194
1402,10,400,2,0.95,True,0.25704598909942344
1403,15,400,2,0.95,True,0.3288105918939724
1404,20,400,2,0.95,True,0.26806403035819537
1405,30,400,2,0.95,True,0.2927970812006666
1406,40,400,2,0.95,True,0.34727569024448574
1407,50,400,2,0.95,True,0.2642870902389214
1408,1,400,5,0.95,True,0.32555377334406876
1409,5,400,5,0.95,True,0.2828776799877412
1410,10,400,5,0.95,True,0.3165314271782766
1411,15,400,5,0.95,True,0.31490411819596603
1412,20,400,5,0.95,True,0.31231035884574915
1413,30,400,5,0.95,True,0.3902489413990806
1414,40,400,5,0.95,True,0.34372322341701445
1415,50,400,5,0.95,True,0.25705910766733003
1416,1,400,10,0.95,True,0.3220438152131004
1417,5,400,10,0.95,True,0.3027167741802593
1418,10,400,10,0.95,True,0.32256312847382845
1419,15,400,10,0.95,True,0.30447711547155637
1420,20,400,10,0.95,True,0.31422238778399036
1421,30,400,10,0.95,True,0.31674711568145214
1422,40,400,10,0.95,True,0.35577138909295
1423,50,400,10,0.95,True,0.3164558364117026
1424,1,400,20,0.95,True,0.3231274619482594
1425,5,400,20,0.95,True,0.35919650079506243
1426,10,400,20,0.95,True,0.2714857451530883
1427,15,400,20,0.95,True,0.2761289853794155
1428,20,400,20,0.95,True,0.32727921517880604
1429,30,400,20,0.95,True,0.4217114270086555
1430,40,400,20,0.95,True,0.30824481585086577
1431,50,400,20,0.95,True,0.36455665117031627
1432,1,400,50,0.95,True,0.3058949956204294
1433,5,400,50,0.95,True,0.25056655474487693
1434,10,400,50,0.95,True,0.24825211071458214
1435,15,400,50,0.95,True,0.2929747367280032
1436,20,400,50,0.95,True,0.22680450981502653
1437,30,400,50,0.95,True,0.2689055851864402
1438,40,400,50,0.95,True,0.20305667377019082
1439,50,400,50,0.95,True,0.2969544989654408
1440,1,100,1,1.0,False,0.07275224593490029
1441,5,100,1,1.0,False,0.15751304906098199
1442,10,100,1,1.0,False,0.12070685325382935
1443,15,100,1,1.0,False,0.10000287469307578
1444,20,100,1,1.0,False,0.17164938168380475
1445,30,100,1,1.0,False,0.11146433449646875
1446,40,100,1,1.0,False,0.14713466956052407
1447,50,100,1,1.0,False,0.12315513611780411
1448,1,100,2,1.0,False,0.048063457498021864
1449,5,100,2,1.0,False,0.141239154917449
1450,10,100,2,1.0,False,0.07821378481618865
1451,15,100,2,1.0,False,0.08292749735447315
1452,20,100,2,1.0,False,0.0809951666716748
1453,30,100,2,1.0,False,0.16130990477681578
1454,40,100,2,1.0,False,0.13519400214009017
1455,50,100,2,1.0,False,0.08751150985463145
1456,1,100,5,1.0,False,0.1338241959670876
1457,5,100,5,1.0,False,0.11904547531152251
1458,10,100,5,1.0,False,0.12654509088714005
1459,15,100,5,1.0,False,0.14816999366478142
1460,20,100,5,1.0,False,0.12216183158117457
1461,30,100,5,1.0,False,0.11074644369270488
1462,40,100,5,1.0,False,0.13332241665488162
1463,50,100,5,1.0,False,0.14091901449820965
1464,1,100,10,1.0,False,0.1747612156020938
1465,5,100,10,1.0,False,0.13508259635715592
1466,10,100,10,1.0,False,0.0933950303267981
1467,15,100,10,1.0,False,0.11256697995702099
1468,20,100,10,1.0,False,0.10679625304017511
1469,30,100,10,1.0,False,0.08530166964954881
1470,40,100,10,1.0,False,0.12482068500705111
1471,50,100,10,1.0,False,0.08933283579761257
1472,1,100,20,1.0,False,0.11826278041085349
1473,5,100,20,1.0,False,0.1439809185118262
1474,10,100,20,1.0,False,0.0946222485395628
1475,15,100,20,1.0,False,0.12240341684401776
1476,20,100,20,1.0,False,0.09122945876173803
1477,30,100,20,1.0,False,0.06560948758696408
1478,40,100,20,1.0,False,0.0906013989932793
1479,50,100,20,1.0,False,0.09613474063561443
1480,1,100,50,1.0,False,0.03303290080216964
1481,5,100,50,1.0,False,0.03782141508602598
1482,10,100,50,1.0,False,0.030667631990779178
1483,15,100,50,1.0,False,0.03127622042450764
1484,20,100,50,1.0,False,0.03642425976412415
1485,30,100,50,1.0,False,0.026585861213973362
1486,40,100,50,1.0,False,0.041018137231993934
1487,50,100,50,1.0,False,0.03806014823157842
1488,1,100,1,1.0,True,0.05267375573312937
1489,5,100,1,1.0,True,0.09682889017149947
1490,10,100,1,1.0,True,0.1669311641766227
1491,15,100,1,1.0,True,0.11988433881782949
1492,20,100,1,1.0,True,0.11329382882422787
1493,30,100,1,1.0,True,0.11549965189331914
1494,40,100,1,1.0,True,0.09343260281220477
1495,50,100,1,1.0,True,0.10325869088076386
1496,1,100,2,1.0,True,0.12289417490880121
1497,5,100,2,1.0,True,0.10659053392163258
1498,10,100,2,1.0,True,0.12467790088008454
1499,15,100,2,1.0,True,0.16960355221651227
1500,20,100,2,1.0,True,0.10651237869086763
1501,30,100,2,1.0,True,0.12145797652931047
1502,40,100,2,1.0,True,0.11093139996643114
1503,50,100,2,1.0,True,0.10911160634787624
1504,1,100,5,1.0,True,0.09212923517435115
1505,5,100,5,1.0,True,0.10411642687172573
1506,10,100,5,1.0,True,0.10380095112303103
1507,15,100,5,1.0,True,0.10292181745400224
1508,20,100,5,1.0,True,0.1240108517520357
1509,30,100,5,1.0,True,0.10132663333257995
1510,40,100,5,1.0,True,0.07368259143267517
1511,50,100,5,1.0,True,0.10972016099651541
1512,1,100,10,1.0,True,0.12542345338482652
1513,5,100,10,1.0,True,0.13409147041047179
1514,10,100,10,1.0,True,0.1237130271806664
1515,15,100,10,1.0,True,0.11508330373413432
1516,20,100,10,1.0,True,0.16470876559559014
1517,30,100,10,1.0,True,0.1302366863763033
1518,40,100,10,1.0,True,0.08867451911853495
1519,50,100,10,1.0,True,0.13081883842922712
1520,1,100,20,1.0,True,0.1263274880268267
1521,5,100,20,1.0,True,0.14834824760324344
1522,10,100,20,1.0,True,0.14388353441426147
1523,15,100,20,1.0,True,0.10979721864482968
1524,20,100,20,1.0,True,0.09049996399477425
1525,30,100,20,1.0,True,0.09525316188014812
1526,40,100,20,1.0,True,0.09063627571013858
1527,50,100,20,1.0,True,0.06744343263641545
1528,1,100,50,1.0,True,0.03097364446521497
1529,5,100,50,1.0,True,0.026180174193063406
1530,10,100,50,1.0,True,0.03427145042576278
1531,15,100,50,1.0,True,0.032541462821378236
1532,20,100,50,1.0,True,0.03861487466303734
1533,30,100,50,1.0,True,0.028311407760291656
1534,40,100,50,1.0,True,0.026830383428092606
1535,50,100,50,1.0,True,0.0259814826059824
1536,1,200,1,1.0,False,0.11895573570961707
1537,5,200,1,1.0,False,0.15713714302661747
1538,10,200,1,1.0,False,0.1987816225976832
1539,15,200,1,1.0,False,0.23659222674847352
1540,20,200,1,1.0,False,0.23232084126979194
1541,30,200,1,1.0,False,0.2615508356747907
1542,40,200,1,1.0,False,0.250531743376444
1543,50,200,1,1.0,False,0.26642047885852593
1544,1,200,2,1.0,False,0.16694413719009618
1545,5,200,2,1.0,False,0.2037601406400528
1546,10,200,2,1.0,False,0.21058478247651774
1547,15,200,2,1.0,False,0.25474078068948464
1548,20,200,2,1.0,False,0.1767462163282355
1549,30,200,2,1.0,False,0.16704413784720462
1550,40,200,2,1.0,False,0.25699021954330525
1551,50,200,2,1.0,False,0.23666777749995863
1552,1,200,5,1.0,False,0.24919274243575837
1553,5,200,5,1.0,False,0.2717090003956068
1554,10,200,5,1.0,False,0.30753664426870825
1555,15,200,5,1.0,False,0.21897041934397812
1556,20,200,5,1.0,False,0.32903018135675327
1557,30,200,5,1.0,False,0.21041657920692375
1558,40,200,5,1.0,False,0.269440783530804
1559,50,200,5,1.0,False,0.16325781574652184
1560,1,200,10,1.0,False,0.2541839431457472
1561,5,200,10,1.0,False,0.18344943712803047
1562,10,200,10,1.0,False,0.287802978305771
1563,15,200,10,1.0,False,0.2334819881192861
1564,20,200,10,1.0,False,0.24247339551815947
1565,30,200,10,1.0,False,0.33814555599769336
1566,40,200,10,1.0,False,0.2698420341524782
1567,50,200,10,1.0,False,0.18616810754552643
1568,1,200,20,1.0,False,0.2636173869167522
1569,5,200,20,1.0,False,0.2762986104842191
1570,10,200,20,1.0,False,0.3183583016223686
1571,15,200,20,1.0,False,0.24136699396995318
1572,20,200,20,1.0,False,0.2532455800701335
1573,30,200,20,1.0,False,0.25089450516763945
1574,40,200,20,1.0,False,0.2021027227660893
1575,50,200,20,1.0,False,0.2124486455010757
1576,1,200,50,1.0,False,0.19408916271091348
1577,5,200,50,1.0,False,0.1456074295699158
1578,10,200,50,1.0,False,0.16419835531301558
1579,15,200,50,1.0,False,0.14103405931249344
1580,20,200,50,1.0,False,0.1481177410704166
1581,30,200,50,1.0,False,0.12747916291973904
1582,40,200,50,1.0,False,0.23739351337374248
1583,50,200,50,1.0,False,0.1631994828002316
1584,1,200,1,1.0,True,0.12533218925107067
1585,5,200,1,1.0,True,0.2518762893193209
1586,10,200,1,1.0,True,0.2713444164444848
1587,15,200,1,1.0,True,0.19568478942999024
1588,20,200,1,1.0,True,0.2657902039495447
1589,30,200,1,1.0,True,0.20620833204652408
1590,40,200,1,1.0,True,0.2233936640628151
1591,50,200,1,1.0,True,0.31898828129744855
1592,1,200,2,1.0,True,0.16572513548742898
1593,5,200,2,1.0,True,0.19322933770462025
1594,10,200,2,1.0,True,0.2393910852714407
1595,15,200,2,1.0,True,0.26724147348930377
1596,20,200,2,1.0,True,0.24437638582612506
1597,30,200,2,1.0,True,0.2480785881967177
1598,40,200,2,1.0,True,0.1567475109883496
1599,50,200,2,1.0,True,0.2538922626029647
1600,1,200,5,1.0,True,0.2095859722472612
1601,5,200,5,1.0,True,0.1970184749617135
1602,10,200,5,1.0,True,0.25582647969168804
1603,15,200,5,1.0,True,0.20952125569908903
1604,20,200,5,1.0,True,0.3194515677134973
1605,30,200,5,1.0,True,0.22468129774647122
1606,40,200,5,1.0,True,0.227956760469907
1607,50,200,5,1.0,True,0.21273104713455926
1608,1,200,10,1.0,True,0.2560607121203556
1609,5,200,10,1.0,True,0.2633670239020325
1610,10,200,10,1.0,True,0.265020209760413
1611,15,200,10,1.0,True,0.34326107652498317
1612,20,200,10,1.0,True,0.2526491670031832
1613,30,200,10,1.0,True,0.22526816058768942
1614,40,200,10,1.0,True,0.18443906301505075
1615,50,200,10,1.0,True,0.2565349980212369
1616,1,200,20,1.0,True,0.24246855385409463
1617,5,200,20,1.0,True,0.1787171552799796
1618,10,200,20,1.0,True,0.2422090550732961
1619,15,200,20,1.0,True,0.2295645345754552
1620,20,200,20,1.0,True,0.21189473402897577
1621,30,200,20,1.0,True,0.23923133647139638
1622,40,200,20,1.0,True,0.2714552681158784
1623,50,200,20,1.0,True,0.2705785940093749
1624,1,200,50,1.0,True,0.2175644990359542
1625,5,200,50,1.0,True,0.13757806049303703
1626,10,200,50,1.0,True,0.16546593354250577
1627,15,200,50,1.0,True,0.22380803793352885
1628,20,200,50,1.0,True,0.20000844399190826
1629,30,200,50,1.0,True,0.13952287313005865
1630,40,200,50,1.0,True,0.22951953174902945
1631,50,200,50,1.0,True,0.18741685596325328
1632,1,400,1,1.0,False,0.20946999716948325
1633,5,400,1,1.0,False,0.2720223842628496
1634,10,400,1,1.0,False,0.21365553833591466
1635,15,400,1,1.0,False,0.30520268664092215
1636,20,400,1,1.0,False,0.2156286814973386
1637,30,400,1,1.0,False,0.3547519645672511
1638,40,400,1,1.0,False,0.3110538771965345
1639,50,400,1,1.0,False,0.2742151880715602
1640,1,400,2,1.0,False,0.24198917599188258
1641,5,400,2,1.0,False,0.2617423617183854
1642,10,400,2,1.0,False,0.25032062332022836
1643,15,400,2,1.0,False,0.28094428039696223
1644,20,400,2,1.0,False,0.31934997299875134
1645,30,400,2,1.0,False,0.26160720302863383
1646,40,400,2,1.0,False,0.2699772028899685
1647,50,400,2,1.0,False,0.2667784364774012
1648,1,400,5,1.0,False,0.3548575556204531
1649,5,400,5,1.0,False,0.3312452084971498
1650,10,400,5,1.0,False,0.33587070698170113
1651,15,400,5,1.0,False,0.28304829705639056
1652,20,400,5,1.0,False,0.3134065441656258
1653,30,400,5,1.0,False,0.34105197043334845
1654,40,400,5,1.0,False,0.2940727606071433
1655,50,400,5,1.0,False,0.2129965055801812
1656,1,400,10,1.0,False,0.3042493673896115
1657,5,400,10,1.0,False,0.2926944537015189
1658,10,400,10,1.0,False,0.2935457889250162
1659,15,400,10,1.0,False,0.3646049392802737
1660,20,400,10,1.0,False,0.2485303803708314
1661,30,400,10,1.0,False,0.30198906029157774
1662,40,400,10,1.0,False,0.2811292567824114
1663,50,400,10,1.0,False,0.3071617736310103
1664,1,400,20,1.0,False,0.23755969251899528
1665,5,400,20,1.0,False,0.23745342404330858
1666,10,400,20,1.0,False,0.25736039437703745
1667,15,400,20,1.0,False,0.3338244278138948
1668,20,400,20,1.0,False,0.28201950853296237
1669,30,400,20,1.0,False,0.28335349321533754
1670,40,400,20,1.0,False,0.28178120167314774
1671,50,400,20,1.0,False,0.2934830541873012
1672,1,400,50,1.0,False,0.2844450609174787
1673,5,400,50,1.0,False,0.23346770131478448
1674,10,400,50,1.0,False,0.32066576016474313
1675,15,400,50,1.0,False,0.2909157817709801
1676,20,400,50,1.0,False,0.2960368199102218
1677,30,400,50,1.0,False,0.29456547085164053
1678,40,400,50,1.0,False,0.24492720619906916
1679,50,400,50,1.0,False,0.30792429970358975
1680,1,400,1,1.0,True,0.20915149309799647
1681,5,400,1,1.0,True,0.32856987234077173
1682,10,400,1,1.0,True,0.2706581031857606
1683,15,400,1,1.0,True,0.29086886025477887
1684,20,400,1,1.0,True,0.287833058862989
1685,30,400,1,1.0,True,0.4104827075047841
1686,40,400,1,1.0,True,0.31581331359468456
1687,50,400,1,1.0,True,0.2728642417666478
1688,1,400,2,1.0,True,0.22396637554564625
1689,5,400,2,1.0,True,0.27914498615103844
1690,10,400,2,1.0,True,0.33063292887458756
1691,15,400,2,1.0,True,0.30719283435888467
1692,20,400,2,1.0,True,0.3242667958811059
1693,30,400,2,1.0,True,0.37421140208528547
1694,40,400,2,1.0,True,0.2638222136633049
1695,50,400,2,1.0,True,0.2598355331612127
1696,1,400,5,1.0,True,0.3248483803642799
1697,5,400,5,1.0,True,0.34753977697913624
1698,10,400,5,1.0,True,0.3261452225302082
1699,15,400,5,1.0,True,0.2593979327643562
1700,20,400,5,1.0,True,0.2938903769884136
1701,30,400,5,1.0,True,0.32439084176889543
1702,40,400,5,1.0,True,0.25625720826269205
1703,50,400,5,1.0,True,0.29806041070575967
1704,1,400,10,1.0,True,0.3195627701252888
1705,5,400,10,1.0,True,0.3193529116471381
1706,10,400,10,1.0,True,0.26893943211766846
1707,15,400,10,1.0,True,0.26541192366831295
1708,20,400,10,1.0,True,0.29253796656006226
1709,30,400,10,1.0,True,0.2561329172625409
1710,40,400,10,1.0,True,0.3256512685706616
1711,50,400,10,1.0,True,0.35330804885448247
1712,1,400,20,1.0,True,0.3206678195309996
1713,5,400,20,1.0,True,0.2661704052521541
1714,10,400,20,1.0,True,0.32068792198769164
1715,15,400,20,1.0,True,0.3102771678482046
1716,20,400,20,1.0,True,0.3284816060112544
1717,30,400,20,1.0,True,0.27763829552726427
1718,40,400,20,1.0,True,0.335233228457414
1719,50,400,20,1.0,True,0.3447177001982742
1720,1,400,50,1.0,True,0.2951970187485575
1721,5,400,50,1.0,True,0.2558530965262228
1722,10,400,50,1.0,True,0.26775217696065595
1723,15,400,50,1.0,True,0.23400073381323577
1724,20,400,50,1.0,True,0.27603625076454547
1725,30,400,50,1.0,True,0.26674935224327156
1726,40,400,50,1.0,True,0.24752197359041914
1727,50,400,50,1.0,True,0.27492407377709943
